Rank,Feature,Importance
1,inventory_demand_ratio,0.2569428
2,supply_gap_3m,0.07969526
3,forecast_to_inventory_ratio,0.063651316
4,inventory_vs_min_bank,0.03696938
5,total_available_supply,0.032338273
6,lead_time,0.029308014
7,sales_6m_avg,0.028554017
8,forecast_9_month,0.027932523
9,sales_9_month,0.027652401
10,in_transit_qty,0.026163436
11,sales_1_month,0.025810568
12,sales_trend_3m_9m,0.023484722
13,sales_6_month,0.022861281
14,stop_auto_buy,0.019684128
15,local_backorder_pressure,0.019220475
16,perf_6_month_avg,0.019093001
17,sales_3_month,0.018356886
18,min_bank,0.01811397
19,demand_3m_avg,0.018070757
20,perf_12_month_avg,0.017890336
21,deck_risk,0.017311344
22,sales_9m_avg,0.017039869
23,national_inv,0.016098998
24,forecast_growth_3m_6m,0.015295123
25,lead_time_demand_pressure,0.014514088
26,ppap_risk,0.014285789
27,forecast_growth_6m_9m,0.013746208
28,forecast_6_month,0.013304187
29,forecast_3_month,0.012089996
30,pieces_past_due,0.01075267
31,past_due_ratio,0.010300656
32,potential_issue,0.010011926
33,rev_stop,0.009377659
34,local_bo_qty,0.0086740265
35,oe_constraint,0.0054039313
