Product Card Id,Total_Demand,Active_Days,Average_Daily_Demand,Demand_Std_Dev,Demand_CV,Average_Lead_Time,Lead_Time_Std_Dev,Min_Lead_Time,Max_Lead_Time,Expected_Lead_Time_Demand,Safety_Stock,Reorder_Point,Baseline_Reorder_Quantity
37,781,232,3.3663793103448274,1.8770172509230505,0.5575774676237486,3.4618320610687023,1.605925713405142,0,6,11.65383982627007,10.587363391330134,22.241203217600205,23.564655172413797
44,939,261,3.5977011494252875,2.2211904471819888,0.6173915939451534,3.511475409836065,1.5999689923656306,0,6,12.633239118145845,11.6851145195231,24.31835363766894,25.183908045977013
93,835,244,3.422131147540984,1.8981477779258304,0.5546683327112606,3.621428571428571,1.6262535044787738,0,6,12.393003512880563,10.914165137594312,23.30716865047488,23.954918032786885
116,991,267,3.7116104868913857,2.122909416122729,0.5719644945557706,3.542682926829268,1.662136754388355,0,6,13.14905910295058,12.091035014222562,25.240094117173143,25.9812734082397
134,801,236,3.3940677966101696,1.9355044368771912,0.5702609826504583,3.3978494623655915,1.649982242849097,0,6,11.532531437944233,10.92292942429948,22.45546086224371,23.758474576271187
135,883,259,3.4092664092664093,1.8745725720749835,0.5498463150253915,3.441558441558441,1.644206145832588,0,6,11.733189590332447,10.851484837236995,22.584674427569443,23.864864864864867
172,907,261,3.475095785440613,2.1971030949913635,0.6322424562213295,3.5440251572327046,1.6306253254645924,0,6,12.315826887394875,11.540593348357792,23.85642023575267,24.325670498084293
191,36616,1004,36.47011952191235,12.086597786288523,0.331410972728689,3.492631925578332,1.6208669985179305,0,6,127.37670377188866,104.09868901460882,231.47539278649748,255.2908366533865
235,846,252,3.357142857142857,2.025590409092357,0.6033673558998511,3.5752508361204014,1.598087002557303,0,6,12.002627806975632,10.843608232179909,22.846236039155546,23.5
249,847,236,3.5889830508474576,1.918700087362123,0.5346082888045585,3.4494773519163764,1.6355078995591048,0,6,12.380115750310043,11.295966160731188,23.676081911041237,25.122881355932204
273,795,216,3.6805555555555554,2.0584012009022854,0.5592637225093002,3.350597609561753,1.628677267427241,0,6,12.332060646303674,11.646996250308032,23.979056896611706,25.76388888888889
276,919,245,3.7510204081632654,2.237728141036877,0.5965651736170128,3.64951768488746,1.5747989402160494,0,6,13.689415315965617,11.994809363503975,25.68422467946959,26.25714285714286
278,813,235,3.4595744680851066,1.8769473732847104,0.5425370636185818,3.282142857142857,1.5937947708639857,0,6,11.354817629179331,10.656416754513597,22.01123438369293,24.217021276595744
282,848,238,3.563025210084034,2.056742151520891,0.577246028374967,3.347368421052632,1.6977724908507033,0,6,11.926758071649711,11.719155274749234,23.64591334639895,24.94117647058824
365,73578,1004,73.28486055776892,16.68261373637975,0.2276406560565015,3.506046245608301,1.6316992686757774,0,6,256.9401102184936,203.30808161887245,460.2481918373661,512.9940239043824
403,22214,1004,22.12549800796813,4.850526202143737,0.2192278881314626,3.5012604663725577,1.6180767761081412,0,6,77.46713147410358,60.75531511612314,138.22244659022672,154.87848605577688
502,62878,1004,62.62749003984064,15.947967527872962,0.2546480390277116,3.4846725057121097,1.6203862706036596,0,6,218.23629264359167,173.9708714852015,392.2071641287932,438.3924302788845
564,907,245,3.7020408163265306,2.1379178046199074,0.5774970916558736,3.446308724832215,1.5695341688098627,0,6,12.758375564991097,11.575201235304592,24.33357680029569,25.914285714285715
565,969,265,3.6566037735849055,2.0613239929165883,0.5637263757718224,3.4426751592356686,1.7027211381588716,0,6,12.58849897848816,12.020144100031857,24.608643078520014,25.59622641509434
567,859,243,3.5349794238683128,2.1765586937890644,0.6157203289764175,3.692041522491349,1.6869512435959428,0,6,13.051290814074358,11.981666145763104,25.032956959837463,24.744855967078188
572,880,254,3.4645669291338583,2.118226103964965,0.6113970800080696,3.46,1.5630773180943862,0,6,11.98740157480315,11.01671329688991,23.00411487169306,24.251968503937007
627,31710,1004,31.583665338645417,10.65033722763588,0.3372102988504075,3.494626696832579,1.6299987108207306,0,6,110.37312007625606,90.79926345246282,201.17238352871888,221.08565737051796
642,928,249,3.726907630522089,2.1207782720823745,0.5690450320565854,3.4802631578947367,1.6288261165569866,0,6,12.970619319382797,11.919607242704044,24.89022656208684,26.08835341365462
703,887,260,3.4115384615384614,1.956047334836552,0.5733622402001167,3.584158415841584,1.623098949536622,0,6,12.227494287890329,10.958061343260663,23.18555563115099,23.88076923076923
728,946,266,3.556390977443609,1.9883188455238905,0.5590833117435041,3.517799352750809,1.6128059999194584,0,6,12.510669878579945,11.25429514939814,23.76496502797809,24.894736842105264
771,867,245,3.538775510204081,1.9595098423709476,0.553725387982563,3.4401408450704225,1.6686491800554233,0,6,12.173886174187984,11.406122533305272,23.580008707493256,24.77142857142857
775,888,243,3.654320987654321,2.1387442857157235,0.585264483591127,3.575438596491228,1.641911534320054,0,6,13.065800303227205,11.902769134474784,24.968569437701987,25.580246913580247
778,845,233,3.6266094420600856,2.209418535477256,0.6092242825635511,3.6021505376344085,1.553412013514677,0,6,13.06359315150676,11.552733958488878,24.61632710999564,25.3862660944206
792,864,250,3.456,1.8080764813052013,0.5231702781554403,3.3297872340425534,1.5943960884779826,0,6,11.507744680851063,10.564974422492822,22.07271910334389,24.192
793,888,253,3.5098814229249014,2.334375019553504,0.665086576516933,3.7138263665594855,1.61198189638417,0,6,13.035090171955824,11.89065568440925,24.92574585636508,24.56916996047431
797,889,243,3.6584362139917697,1.9903176848475748,0.5440350927086172,3.6073825503355694,1.6747920705046122,0,6,13.197378959869638,11.843058217063406,25.040437176933047,25.609053497942387
804,941,259,3.633204633204633,1.9649589617925451,0.5408335505890215,3.550488599348534,1.672506852678105,0,6,12.899651629293322,11.705332668855208,24.60498429814853,25.43243243243243
810,802,245,3.273469387755102,1.617878532772146,0.4942397014079497,3.306859205776173,1.6340101017784003,0,6,10.824902379724453,10.042094526943732,20.866996906668184,22.914285714285715
818,863,246,3.508130081300813,2.3659866473974134,0.6744295657702939,3.415807560137457,1.623838879835923,0,6,11.983097253652948,11.813460654002652,23.7965579076556,24.556910569105693
821,851,250,3.404,1.945229980931524,0.5714541659610823,3.5136986301369864,1.7200507519478805,0,6,11.960630136986302,11.346589019320788,23.307219156307088,23.828
822,800,227,3.524229074889868,1.8703754060834643,0.5307190214761831,3.660377358490566,1.5756599895014538,0,6,12.900008311861026,10.867061635225364,23.76706994708639,24.669603524229075
823,908,254,3.574803149606299,2.124651787473363,0.5943409185222844,3.4379084967320264,1.5590247702402455,0,6,12.289846122175906,11.227031682205098,23.516877804381004,25.023622047244093
825,805,219,3.675799086757991,1.9976841352933736,0.5434693486077625,3.6614785992217898,1.715677524392122,0,6,13.458859691203385,12.131111606647092,25.589971297850475,25.730593607305934
828,906,254,3.566929133858268,2.008246048816379,0.5630182079463139,3.503225806451613,1.658065287920909,0,6,12.495758191516384,11.52750349517295,24.02326168668933,24.968503937007878
835,928,259,3.583011583011583,2.137669936093799,0.5966126222503169,3.6103896103896105,1.5517634743357585,0,6,12.93606779321065,11.326825996674136,24.262893789884785,25.08108108108108
885,958,255,3.756862745098039,2.0838009356353204,0.5546651759780863,3.584664536741214,1.6092743923259394,0,6,13.46709265175719,11.87564689177736,25.34273954353455,26.298039215686277
886,871,243,3.5843621399176957,2.1076607378010648,0.5880155674921456,3.4760273972602738,1.663053325515445,0,6,12.459341000056371,11.744732415732184,24.20407341578856,25.090534979423868
893,887,247,3.591093117408907,1.977207940319222,0.5505866530539434,3.477966101694915,1.583940212724727,0,6,12.489700130378097,11.150965751660642,23.64066588203874,25.13765182186235
897,823,241,3.4149377593360994,1.964800906014812,0.5753548218099267,3.498220640569395,1.6193573574550726,0,6,11.946205755969345,10.92230831049143,22.868514066460776,23.904564315352697
905,895,264,3.390151515151515,1.911357284489501,0.563797009056121,3.448160535117057,1.6425002306541825,0,6,11.68978666261275,10.862402016756786,22.552188679369536,23.73106060606061
906,915,254,3.6023622047244093,2.012646363889034,0.5587018321615461,3.5,1.5932550136313826,0,6,12.608267716535432,11.29185065348006,23.90011837001549,25.216535433070867
917,930,259,3.5907335907335907,1.901262086555734,0.5294912692665968,3.5694915254237287,1.6703959200410663,0,6,12.817093122177868,11.500697738161104,24.31779086033897,25.135135135135133
924,885,243,3.641975308641976,2.074891067390425,0.5697158524021166,3.6066666666666665,1.6209195402844052,0,6,13.135390946502058,11.675659392380105,24.81105033888216,25.49382716049383
926,930,250,3.72,2.107931093270343,0.5666481433522427,3.4900662251655628,1.6660277610481298,0,6,12.983046357615894,12.079072914729286,25.06211927234518,26.040000000000003
957,13714,1004,13.659362549800797,3.725568735752626,0.272748360120726,3.497885372611929,1.6265149370670224,0,6,47.7788844621514,38.30244799092294,86.08133245307434,95.61553784860558
977,998,270,3.696296296296296,2.216108898033131,0.5995484994678812,3.455108359133127,1.6513678418485072,0,6,12.77110423116615,12.113574795056524,24.88467902622268,25.874074074074077
1004,17308,1004,17.239043824701195,4.233068965122261,0.2455512619010139,3.5019644095216087,1.614792177498707,0,6,60.37051792828686,47.61063581829725,107.98115374658413,120.67330677290836
1014,57735,1004,57.50498007968128,14.781525449552028,0.2570477448921838,3.494577906916412,1.6269396156705422,0,6,200.9556329241225,160.473768846341,361.4294017704635,402.5348605577689
1073,15475,1004,15.413346613545816,4.072554977314458,0.2642226298690608,3.4825848142164784,1.6233492546583836,0,6,53.67828685258964,43.016791179001046,96.6950780315907,107.89342629482071
